date,time,tweet
2023-01-01,,"Resuelto, much√≠simas gracias , excelente servicio como siempre"
2023-01-02,,"Muchas gracias, espero su dm"
2023-01-02,,Muchas gracias!
2023-01-02,,Algo similar me paso. Quer√≠a renovar mi token para poder hacer una transferencia antes de cerrar la cuenta y wow. Fue m√°s f√°cil sacar el dinero por ventanilla.
2023-01-02,,Yeeeei! a trav√©s de mi cuenta en acabo de contratar mi cuenta de ahorro con mi reto de 2023 para tener 25 mil pesos al final del a√±o. Tiene una s√∫per herramienta para domiciliar a mi cuenta eje y as√≠ ahorrar disciplinadamente cada semana! Vamos !!! 
2023-01-02,,Esta es la se√±al que necesitan para tener el m√≠nimo dinero en banamex
2023-01-03,,Gracias 
2023-01-03,,Muchas gracias 
2023-01-03,,"Yo no s√© mucho, pero te recomiendo la Inversi√≥n de . De los mejores rendimientos que he visto, y plazo a 7 d√≠as. Tambi√©n el de est√° ching√≥n, pero tienen un l√≠mite de 20k en invers√≥n."
2023-01-04,,Gracias por la playera que me dieron en Galer√≠as GDL.
2023-01-04,,buen d√≠a...tengo problemas con mi cuenta
2023-01-05,,Gracias
2023-01-05,,Mis Respetos para ustedes... Gracias por el servicio 
2023-01-05,,"Si ya la bloquee y desbloquee y pude hacer el deposito en oxxo, gracias"
2023-01-06,,"Ya todo bien, gracias "
2023-01-06,,Milagro que me gano algo 
2023-01-06,,Siii amigo jajaja est√° muy padre y puedes inveir y te da buen rendimiento 
2023-01-06,,nunca hab√≠a ganado nada antes  hahaha
2023-01-06,,Con el CashBack de pude pagar mi servicio de internet. yei :)
2023-01-07,,Gracias!!!
2023-01-07,,"Listo, gracias"
2023-01-07,,Si gracias
2023-01-08,,A m√≠ me lleg√≥ una semana despu√©s aprox
2023-01-09,,hola buen d√≠a tengo algunas dudas con mi cuenta podr√≠an ponerse en contacto... Muchas gracias..
2023-01-10,,Muchas gracias!
2023-01-10,,Muchas gracias 
2023-01-10,,"Bloquea la tarjeta 5 minutos o m√°s, posteriomente la vuelves a desbloquear y ya la agregas. Esa es la soluci√≥n, me confirmas con un tweet por favor."
2023-01-10,,"Es de 35,000 UDIS (184,000).De todas las plataformas en las que he inveido las mejores son Finsus y cetes para largo plazo y HeyBanco es para mi la mejor opci√≥n para tu fondo de emergencia , ya que tienes liquidez semanal. En Finsus tengo al rededor del 90% de mi poafolio."
2023-01-11,,Excelente Gracias por responder  estaremos muy atentos 
2023-01-11,,"Pues bueno, me qued√© sin cena, muchas gracias "
2023-01-11,,"Gracias e igualmente, bendiciones "
2023-01-11,,Vale estoy esperando
2023-01-11,,Muchas gracias espero la respuesta
2023-01-13,,Me gan√© 99 pesitos de cr√©dito en Amazon coes√≠a de Qu√© agradables sujetos 
2023-01-13,,es mejor
2023-01-13,,Cont√©stenme por favor
2023-01-14,,Muchas gracias que amables 
2023-01-14,,"heybanco muchos a√±os como cliente de bancomer y me encontre con y la verdad estoy muy agusto con los servicios, la app y las tarjetas debito y credito"
2023-01-14,,amigos les mand√© dm gracias
2023-01-14,,solicito su ayuda gracias
2023-01-15,,Gracias!Ya respond√≠.Quedo atenta
2023-01-16,,Va gracias
2023-01-16,,No s√© ni a qu√© le piqu√© pero muchas graciasÔ∏è
2023-01-16,,"Planeaci√≥n de temporada 2023 de los equipos, gracias a por la ocnfianza desde el d√≠a 1 y se viene la bomba de patrocinio con vamos por el doblete!!!}@DavilaCarloss"
2023-01-16,,Por eso son mi banco 1 
2023-01-17,,Gracias
2023-01-17,,Thanks!
2023-01-17,,Muchas gracias!
2023-01-17,,"Muchas gracias, me ayud√≥ lo suficiente, el cargo ya no procedi√≥, se poaron muy bn aun cuando no me pude comunicar por tel√©fono, fueron muy amables, mil gracias por su inter√©s se hizo cargo de todo"
2023-01-17,,"Incre√≠ble, gracias HeyBanco!!@heybanco"
2023-01-17,,Me contestaron que s√≠.
2023-01-18,,Gracias
2023-01-18,,Gracias!
2023-01-18,,Graciaaas.
2023-01-18,,"Gracias por estar al pendiente,estoy segura que se va a poner las pilas para que lleguen los incentivos, si no estar√© pidiendo su apoyo."
2023-01-18,,"La sexta opci√≥n est√° opci√≥n es de las mejores, su pagar√© a 7 d√≠as es el mejor del mercado con tasa del 10% anual solo que la inversi√≥n aqu√≠ es desde $5,000, tiene un plan de metas que te dan rendimiento a mes vencido del 4% y t√∫ dinero disponible en cualquier momento"
2023-01-18,,üá¨üáπ qu√© buena onda por vos David  a disfrutarlo!!!
2023-01-19,,¬°Gracias
2023-01-19,,"¬°Hola!, me pueden apoyar por favor "
2023-01-19,,"Eso se agradece, el aviso "
2023-01-19,,"Gracias, ya se ve reflejado. Solucionado. Gracias"
2023-01-20,,"Listo, gracias!"
2023-01-20,,Muchas gracias!
2023-01-20,,Los tkm Ô∏è
2023-01-20,,"Coes√≠a de An√≠mense a sacar cuenta de Hey, muchas gracias por el regalo c:@nei_aokii"
2023-01-20,,Cof cof tambi√©n Ô∏èÔ∏è
2023-01-20,,te lo s√∫per recomiendo. Y no te cobran el pl√°stico.
2023-01-20,,"Afounadamente, en M√©xico tenemos , que nos da el 10% de lo que tenemos en la cuenta! "
2023-01-21,,"Muchas gracias por darme respuesta, ya se solucion√≥ mi problema, excelente d√≠a!"
2023-01-23,,Gracias !
2023-01-23,,"Muchas gracias, el equipo de me ayud√≥ a resolver el problema y me dieron la recompensa que gan√©."
2023-01-23,,Gracias ! Este mes me toc√≥ boletoDorado
2023-01-23,,Bello!
2023-01-23,,A√∫n hay esperanza.. congrats !!
2023-01-24,,Gracias 
2023-01-24,,Gracias.
2023-01-24,,Muchas gracias 
2023-01-24,,Gracias por mi premio de boletodorado ya canjee mi tarjeta de regalo
2023-01-24,,T√≠o gracias por mi boleto Dorado. Ya por fin me toc√≥ algo.
2023-01-24,,No mames que buena suee!
2023-01-24,,"segundo premio, espero lleguen m√°s"
2023-01-25,,Gracias!!!
2023-01-25,,Gracias Ô∏è
2023-01-25,,"Hola, esto nos beneficia a los usuarios de"
2023-01-26,,Gracias por el apoyo con el seguimiento
2023-01-26,,Gracias tio hey! Esto nos ayuda bastante.
2023-01-26,,Muchas gracias Un mes gratis de
2023-01-27,,Much√≠simas gracias ya me resolvi√≥. Saludos!
2023-01-27,,Vale gracias 
2023-01-27,,Ya funcion√≥. Como que se cayo s√≥lo por unos segundos. Estuvo raro. Muchas gracias
2023-01-27,,Hola les escrib√≠ por DM porque tengo un par de dudas con la TDC.Gracias.
2023-01-27,,Gracias por ser pae de el FC Barcelona
2023-01-27,,cuando me dar√°n un cr√©dito tradicional ya llevo m√°s de un a√±o con una tarjeta de credito en garant√≠a y he cumplido con mis pagos en tiempo y forma
2023-01-28,,Ok gracias
2023-01-28,,"Despues de estar 1 a√±o probando la tarjeta de Cr√©dito de puedo decir que es muy buena y ni hablar de la cuenta de d√©bito, realmente en temas de seguridad en transacciones, MUY TOP. tqm Hey."
2023-01-28,,"Amistad, usa si usas tu tarjeta 6 veces al mes en compras de $100 pesos te vuelves ‚ÄúHeyPro‚Äù y tu inversi√≥n te da un rendimiento de 10% anual que est√° s√∫per s√∫per bien con comparaci√≥n a otros bancos o inveir a 25 a√±os con Allianz a mi me explic√≥ mi prima y suena rebien"
2023-01-28,,Excelente
2023-01-29,,Me gane 2 premios
2023-01-29,,Amiga expl√≠came!!!
2023-01-30,,Muchas gracias por la informaci√≥n!
2023-01-30,,ThankU!
2023-01-30,,"Vientos, gracias"
2023-01-30,,me encantaria presumir mi premio de boleto dorado... Si tan solo existiera...
2023-01-31,,me pueden proporcionar el link para invitar a m√°s gente y tener mi beneficio.Gracias
2023-02-01,,Gracias 
2023-02-01,,"Gracias, lo checo"
2023-02-01,,¬øYa no habr√° Viaje Financiero del 2022? estaba muy buena esa informaci√≥n
2023-02-01,,Gracias por el dato y c√≥mo fue soeo ?
2023-02-01,,"Buen d√≠a, como me.pueden ayudar ya que me realizaron un deposito a mi cuenta de credito pero lo necesito a la de cr√©dito"
2023-02-02,,Muchas gracias
2023-02-02,,Gracias ya se solucion√≥. Buenas tardes
2023-02-02,,Lo realizar√©.Gracias.
2023-02-02,,En Diciembre me gane una tarjeta de regalo en Amazon con el ticket dorado de HeyBanco y me compre esto:*se emociona en se√±ora*
2023-02-03,,Me funcion√≥ mil gracias
2023-02-03,,Gracias pero no es necesario. es una buena opci√≥n. Hasta el momento no he tenido problemas graves con ellos solo es adaptarme a sus procesos. Pero a√∫n as√≠ creo que van por buen camino. Aunque en ocasiones me hagan enojar
2023-02-04,,Mmm. te da el rendimiento del 10% Es buena opci√≥n.
2023-02-04,,Gracias por mi aumento de cr√©dito en mi tarjeta !! Muy contenta con sus servicios! Ô∏è
2023-02-05,,Hablando de Ajolotes el banco sacara esta tarjeta y me encanto.. 
2023-02-07,,"ser√≠a la mejor TDC si se pudiera realizar pagos por adelantado en los meses sin intereses como en otras cuentas, siendo una opci√≥n excelente para muchos usuarios"
2023-02-08,,"Casi me rindo cuando no obtuve ayuda del equipo de sopoe, afounadamente alguien aqu√≠ me refiri√≥ a en twitter Env√≠ale un mensaje privado y me lo arregl√≥, todo gracias a √©l, cont√°ctalo ahora."
2023-02-08,,Gracias por ser el mejor banco 
2023-02-10,,"HeyBanco tiene pagar√©s semanales con 10% anual. O sea, a la semana ya obtienes rendimientos y eso lo puedes reinveir en el siguiente pagar√© (de forma autom√°tica). Como generas inter√©s compuesto muy r√°pido, es much√≠simo mejor que el 11% anual de CETES."
2023-02-11,,gracias
2023-02-11,,Solucionado. Gracias.
2023-02-11,,"Alch, hechate unas investigadas de CETES, GMB y Hey+. CETES si ocupas investigar chido pero es muy seguro y Hey+ con HeyBanco es dinero seguro y rapido pero poco."
2023-02-11,,Excelente servicio de atenci√≥n a clientes en HeyBanco 10/10
2023-02-11,,Por primera vez gan√© algo en el boleto dorado de mi d'Or los quiero mucho 
2023-02-13,,Ok muchas gracias 
2023-02-13,,Gracias. Porque tengo una duda
2023-02-13,,¬°Gracias a ti por formar pae de esta gran familia!
2023-02-13,,"Despu√©s de lo de hoy, la vida y mi banco favorito dijeron: ten un tarjeta de regalo para que te eches un Starbucks y te relajes un rato."
2023-02-14,,100 % recomendado la vdd
2023-02-14,,Para ver si eres fit y viable para seguros de vida! XD
2023-02-14,,"Que interesante lo que encontr√© en los permisos que utiliza la aplicaci√≥n de ‚Å¶@heybanco‚Å©, estaba activada, como para que lo necesitan?"
2023-02-15,, Gracias 
2023-02-15,,Hola intenta en el tel√©fono o correo de la imagen. (Con la app la verdad yo no he tenido problemas)
2023-02-15,,hola ocupo ayuda con el cambio de n√∫mero de celular y con mi token
2023-02-16,,"Yo la eh pensado cambiar mi nomina con ellos, la tengo con y muy agusto.Que bueno que me dicen para no sacar tarjeta ah√≠"
2023-02-16,,"gracias!!!! ahora, vi algo en relacion a transferencias internacionales... donde veo informaci√≥n?"
2023-02-16,,"Pues m√°s vale, la verdad"
2023-02-16,,Ya est√° todo listo..
2023-02-17,,Me acaba de llegar la constancia fiscal de y el a√±o pasado gan√© $2400 nomas de tener mi dinero guardado con ellos. 10/10
2023-02-17,,Jam√°s al menos la amex la primera anualidad es gratis y te da beneficios por compras el primer a√±o y bonos.
2023-02-17,,"Gracias por la respuesta, estar√© al pendiente"
2023-02-18,,Hola buenas tardes
2023-02-18,,"Buen d√≠a, muchas gracias! Ya respond√≠ al DM. Me tard√© porque pens√© que no respond√≠an en la noche hehe"
2023-02-20,,Gracias
2023-02-20,,Tqm gracias por poner retiros en cajeros hsbc es el q tengo m√°s cerquita
2023-02-21,,Hola!!!
2023-02-23,,Saludos a
2023-02-23,,"real esa tarjeta es la neta, en general el banco es 10/10"
2023-02-23,,":o si tengo cuenta pero nunca ped√≠ la f√≠sica, la pedir√©. Gracias por la recomendaci√≥n "
2023-02-23,,como puedo inveir con ustedes y como se genera las ganancias para uno
2023-02-24,,Que bueno que perd√≠ mi tarjeta porque necesitaba una nueva con este dise√±o.
2023-02-24,,.@heybanco tqm  no solo es de los mejores bancos con su producto TDC o pagar√©s bancarios (inveir). Adem√°s sabe que ando de for√°neo y me regalo dinerito en Amazon con mi boleto dorado
2023-02-24,,"Hola buen d√≠a, Al solicitar una tarjeta con dise√±o nuevo tengo que utilizarla?Reci√©n esta por llegarme la met√°lica, sin embargo me atraen mucho los dise√±os como coleccionable‚Ä¶ y no quisiera pedir una y perder la metal"
2023-02-25,,"Gracias, hasta ahorita los amo "
2023-02-26,,Gracias bro
2023-02-26,,"Gracias, ya lo envi√©."
2023-02-26,,"Gracias por responder, quedo en espera de la soluci√≥n al problema."
2023-02-26,,yo hice varias transferencias hace rato y todo bien
2023-02-26,,A veces s√≥lo es cuesti√≥n de limpiar el chip antes de pasarla! As√≠ he solucionado el inconveniente
2023-02-26,,Estoy muy contesta de compairles esta colaboraci√≥n que hice con Hey Banco
2023-02-26,,"Ah ya, gracias, mencionas lo evidente sin nada de relevancia, excelente comentario."
2023-02-26,,‚ÄúAgradecemos tu comprensi√≥n‚Äù jaja incre√≠ble
2023-02-26,,Es correcto. De BBVA a BBVA sin problemas. Ya en Hey avisaron que hasta las 7 aproximadamente.
2023-02-27,,Gracias ya les respond√≠
2023-02-27,,Listo!! Gracias
2023-02-27,,Perfecto! Gracias Ô∏è
2023-02-27,,Pero que tremenda sabidur√≠a  me quede anonadado con este mensaje yo cre√≠a que la cantidad que pon√≠a de garant√≠a se utilizaba para los ni√±os sin alimento o para los indigentes y que con eso ya despu√©s te entregaban una tarjeta de cr√©dito   que tremenda explicaci√≥n
2023-02-27,,Esta padrisima la tarjeta!!
2023-02-27,,"Est√° muy bonito, me hace considerar adquirir la tarjeta"
2023-02-27,,Gracias. Ya le mande todos mis datos de mi tarjeta.
2023-02-27,,"S√≠, sin problema:D"
2023-02-27,,"No es problema de ,es ellos son los que tienen la falla. Dalay."
2023-02-27,,"Pf‚Ä¶. Sigues con Intermitencias‚Ä¶ y solo Hey Banco, BBVA sin problema."
2023-02-27,,"La primera no hab√≠a sido la de chichen itza ?Estoy esperando esa, pero este modelo est√° bonito tambi√©n."
2023-02-27,,"Tengo BBVA y Bancoppel, las dos trabajan a la perfecci√≥n."
2023-02-27,,Entiendo le agradezco el comentario y como sugerencia me gustar√≠a recibir una notificaci√≥n correo o texto de que el servicio no estar√° disponible para no caer en esta situaci√≥n ya que me sirve de mucha utilidad la tarjeta y me gustar√≠a seguir con ustedes.
2023-02-27,,Que bien! 
2023-02-28,,"Me siento poderosa !!! Gracias , estoy muy contenta !!!!"
2023-02-28,,Esta bien
2023-02-28,,"Yo la tengo y es una maravilla, Servicio eficiente y la app de primera. ¬°¬°¬°Altamente recomendable!!!!!"
2023-02-28,,"Ay no, yo ya tengo la mia y ese dise√±o esta super cool !!!"
2023-03-01,,"Animense, ya casi un a√±o con la tarjeta de credito heygarantizada y sin problemas, incluyendo en el extranjero"
2023-03-02,,"Gracias, seg√∫n recuerdo esto ya lo hab√≠a hecho el d√≠a que la fu√≠ a activar pero volver√© a hacerlo tanto para la TDD c√≥mo la TDC, gracias:)"
2023-03-02,,Mucho exito! heybanco
2023-03-02,,. recomendad√≠simas (pd. YoTePresto y 100Ladrillos HechoEnJalisco)
2023-03-03,,"Hola muchas gracias por su respuesta en DM, con lo que me indicaron ya logre hacer el movimiento que requeria"
2023-03-03,,¬°Manifiesto!Ô∏è Hoy fui y sal√≠ enmorad√≠sima. Me sub√≠ y as√≠ casi que me voy a dar una vuelta ¬°Hermosisimo el carro! ¬°H√°ganme la buena!Ô∏è‚Äç
2023-03-03,,"Se resolvi√≥ con la actualizaci√≥n de la app, gracias. Tambi√©n me sirvi√≥ el DM "
2023-03-03,,Ustedes son mi banco y la verdad lo estan haciendo muy bien!
2023-03-03,,Definitivamente
2023-03-04,,Gracias por secuestrar la plata en Ahorro ‚ÄçÔ∏èBitcoin fixes this... literalmente eso me salva 
2023-03-04,,Gracias la transferencia fue aplicada al d√≠a siguiente
2023-03-06,,"Gracias, ya lo resolv√≠ jajaja, me equivoqu√©"
2023-03-06,,Qued√≥ aclarado el tema. Gracias.
2023-03-07,,Bank run!!!
2023-03-07,,Les respond√≠ por privado. Saludos!
2023-03-07,,eso es bueno saberlo
2023-03-08,,Gracias por la informaci√≥n 
2023-03-08,,Gracias!
2023-03-08,,Listo!!!
2023-03-08,,"As√≠ te da la bienvenida a tu tarjeta de Metal, a√∫n sin beneficios adicionales "
2023-03-08,,"Se cay√≥ la app de todo ha sido una buena experiencia con ustedes, no me fallen cuando se les necesita"
2023-03-08,,La verdad es menos tedioso el proceso de hablar con alguien en me agrada mucho la experiencia.
2023-03-09,,"Gracias, ya les contest√©"
2023-03-09,,ayuda!!!
2023-03-09,,"Si gracias, les volv√≠ a contestar hace un par de horas"
2023-03-09,,"Fue m√°s r√°pido marcar, tuve que hacer una caa de hechos en donde pon√≠a los datos que quer√≠a cambiar y ya lo hicieron, por fin pude instalar el Token. el chico que me atendi√≥ s√∫per bueno y amable! Se llama Christhian Hern√°ndez Ô∏è"
2023-03-10,,"me avisan si van a la quiebra, para sacar mi dinero de inversi√≥n a 7 d√≠as porfas y muchas gracias de antemano los amo Ô∏è‚Äç"
2023-03-11,,"Yeah, son los mejores a pesar del veto"
2023-03-12,,Muchas gracias!
2023-03-12,,"solucionado, muchas gracias "
2023-03-12,,Ya se puede
2023-03-13,,Gracias!
2023-03-13,,Gracias :)
2023-03-13,,"Me siguen hablando en horario laboral.El que su personal de DHL descuide su trabajo, no significa que yo tenga que descuidar el m√≠o.Si me van a hablar, que sea despu√©s de las 15 hrs o 3 pm.Agradezco que √©sta vez si lean mi horario y me hablen cuando puedo atender el tel√©fono."
2023-03-13,,Exacto puntos lealtad que solo se cambian en su tiendaPor lo menos en Santander si tienda ten√≠a tecnolog√≠a y a√≠culos para el hogar Mejor que lo cambien por m√°s cashback
2023-03-13,,Verdaderamente el mejor banco que hay  los tqm mucho 
2023-03-13,,"Bueno, es que yo si pude ya."
2023-03-13,,Excelente!!
2023-03-13,,Excelente
2023-03-13,,Muy bien excelente
2023-03-13,,"Me gane un mes de Spotify y no soy usuario , mejor que me cambien mi tarjeta, me gusta m√°s la blanca del negocio. "
2023-03-13,,es excelente! Yo eh trabajo varios a√±os con ellos y todo perfecto
2023-03-14,,Super! Ojal√° que esto pueda ser corregido en la app entonces. Apareci√≥ as√≠ hace unos d√≠as de repente. Gracias!Cc.
2023-03-14,,Wooow que emoci√≥n
2023-03-14,, Nunca me gano nada.Pero hoy empeze bien mi d√≠a 
2023-03-14,,ExitoÔ∏è‚ÄçÔ∏è‚Äç
2023-03-15,,"Ya les contest√©, gracias"
2023-03-15,,Listos !!!!!!!!
2023-03-15,,"Gracias ya los conoc√≠, los use, y hoy los dejo, definitivamente no son lo mio, pero si los recomiendo!  Bancos fintech mexicano"
2023-03-15,,"C√°mbiate a HeyBanco, hasta el momento es la mejor que he probado. Te dan 2% de todo lo que gastas, y es dinero gratis si eres como yo que siempre paga a tiempo y nunca paga intereses."
2023-03-15,,Wwwooowww que maravilla felicidades y por supuesto que ah√≠ estar√© para disfrutar de mi Chica Dorada
2023-03-15,,En verdad les agradezco ya que no tengo la tarjeta de d√©bito y la necesito
2023-03-16,,Muchas gracias por la informaci√≥n ah√≠ nos vemos el 3 de Junio
2023-03-16,,Pues bueno... xd
2023-03-16,,Es una DJ incre√≠ble
2023-03-16,,Muchas graciasQuedo en esperaSaludos.
2023-03-16,,Un festival 100% tercermundista. ¬°Felicidades!
2023-03-16,,La Supermana hermosa 
2023-03-17,,Gracias por el seguimiento!
2023-03-17,,mi primera tdc  thx
2023-03-17,,Gracias por su respuesta
2023-03-17,,"Gracias, espero su pronta respuesta de agradecimiento"
2023-03-17,,Estoy sorprendido como permite que se organicen esas cosas. 
2023-03-18,,"Gracias, como siempre super buena y r√°pida, la atenci√≥n de su pae."
2023-03-19,,Muchas gracias :)
2023-03-21,,"Hola Quiero decirles que muchas gracias por el seguimiento a mi problema sobre el Token, ya quedo resuelto Muy buena atenci√≥n, al final no fue problema de pae suya sino de mi operadora Saludos."
2023-03-22,,Gracias
2023-03-22,,Hey ya no nos hagan sufrir m√°s a los de la din√°mica de tikitoki jajaja 
2023-03-23,,Que tal buen dia. Necesito ayuda.
2023-03-23,,"Excelente servicio en atenci√≥n a clientes , nunca cambien! Ô∏è"
2023-03-23,,OJITO ah√≠ con las din√°micas de el d√≠a de hoy gane una din√°mica para un abono del pal noe en donde me etiqueta‚Ä¶
2023-03-24,,Saludos bro. Gracias por ver los v√≠deos.
2023-03-24,,Gracias!
2023-03-24,,"Gracias, tocayo. Soy tu fan. ;)"
2023-03-24,,¬°Hola! Perm√≠teme conocer m√°s de tu caso v√≠a mensaje privado para poder dae la atenci√≥n necesaria y r√°pida. ¬°Saludos!
2023-03-24,,OJITO ah√≠ con las din√°micas de el d√≠a de hoy gane una din√°mica para un abono del pal noe en donde me etiqueta‚Ä¶
2023-03-24,,o f√°cil
2023-03-25,,Gracias
2023-03-25,,"Hola! Ntp despu√©s de otros intentos me pudieron asistir, gracias!"
2023-03-26,,Si la anualidad es de $999. Si juntas $100k estas libre de la anualidad. Mucho mejor que ese pedazo de metal VISA Standard
2023-03-26,,"exacto, todas son duales"
2023-03-26,,Por eso Fondeadora Metal es World Elite;)
2023-03-28,,Ok gracias
2023-03-28,,"Gracias a Dios, JAJAJA."
2023-03-28,,igual a mi con amazon.
2023-03-28,,This is the oppounity of a lifetime! Gotta watch this web3 developer's MEV strategy video and learn how to make some serious cash with crypto.
2023-03-28,,"Ese hombre merece que le mandes adem√°s de tan grata felicitaci√≥n una foto especial, √∫nica y sin censura autografiada x la Diosa de TW."
2023-03-28,,Que Dios le pague con muchos hijos.
2023-03-28,,M√°ndamela a mi!! Yo se la hago llegar !! Jajaja. Chido que te resolvi√≥ !
2023-03-28,,Le mando un beso tronado y apret√≥n de nalga a √Ångel Arg√ºello de que en dos horas me resolvi√≥ un asunto que llevaba 59 d√≠as estancado. Agradecida con el de abajo 
2023-03-29,,"No te hab√≠a dicho que conozco a Angel, pero es muy t√≠mido, si gustas yo le hago llegar el presente"
2023-03-29,,"Gracias, ya recib√≠ el c√≥digo "
2023-03-29,,Ser agradecida. Y si es con el de abajo mejor...
2023-03-29,,"tambi√©n agradezco mucho a las personas que han querido hacer donaciones para el vestuario, sin duda lo agradezco y aprecio enormemente; si ustedes gustan donar algo pueden hacerlo a la clabe 058597000024431851 en HeyBanco a nombre de Noris Vargas G. (Sin embargo tambi√©n pueden"
2023-03-29,,Jajaja muy bien!
2023-03-29,,OJITO ah√≠ con las din√°micas de el d√≠a de hoy gane una din√°mica para un abono del pal noe en donde me etiqueta‚Ä¶
2023-03-29,,Amigues por primera vez en mi vida gane una din√°mica JAJAJAJAJA Gracias no gane el pastel pero si esta din√°mica 
2023-03-30,,Teniendo tantas juntas de Cashback y viendo los beneficios me dan ganas de sacar mis tarjetas de &amp;
2023-03-30,,"tambi√©n agradezco mucho a las personas que han querido hacer donaciones para el vestuario, sin duda lo agradezco y aprecio‚Ä¶"
2023-03-31,,"Gracias, supongo que es as√≠ por semana santa, correcto? Saludos!"
2023-03-31,,"Gracias, estar√© pendiente a qu√© me responda"
2023-03-31,,"Es que hay un secreto para que te contesten r√°pido, te lo cuento cuando estemos bebiendo y no, ojal√° me paguen, me resuelven s√∫per r√°pido."
2023-04-01,,Muchas gracias!
2023-04-01,,Muchas gracias ya me comuniqu√© y me dieron folio de seguimiento respecto a mi situaci√≥n y estoy en espera que me revuelva lo antes posible!
2023-04-03,,Gracias a Tamos readys en PalNoe 
2023-04-03,,"Bueno, intento m√°s tarde, muchas gracias, Maite!! Un gusto saludaeÔ∏è"
2023-04-03,,"Habla al n√∫mero que est√° en la tarjeta, yo lo hice as√≠ y no tuve ning√∫n problema en espa√±a ;)"
2023-04-03,,This web3 developer's MEV strategy is a game-changer. He's making over 5 ETH per week and you need to learn how!
2023-04-04,,"Te cuento lo que hice Yo tampoco ten√≠a Historial pero ten√≠a la de Nubank y hasta ah√≠ todo bien, posterior fui con Heybanco, y realmente no interesaba usar su tarjeta.Pero vi que ten√≠a un pagare y me interes√≥Me registre a la cuenta, no solicite pl√°stico ni nada"
2023-04-06,,Ya resolv√≠ gracias
2023-04-06,,Gracias por darnos ag√ºita en para no morir de disenter√≠a por el agua puerca de los bebedores de 
2023-04-08,,Buenas tardes
2023-04-08,,"¬øAdivinen d√≥nde estoy?¬°Que buena experiencia, !"
2023-04-11,,"5/ Seguramente veremos a y dando m√°s noticias de innovaci√≥n y servicios, pero sobre todo generando m√°s competencia en la industria financiera, lo cual beneficia a todos los usuarios.BancaDigital NuM√©xico HeyBanco Innovaci√≥n CompetenciaFinanciera Fintech"
2023-04-11,,"4/ La gran ventaja de es su experiencia de 5 a√±os en el mercado, ganando terreno entre los j√≥venes por sus servicios y por patrocinar festivales de m√∫sica, lo que les permite crecer junto con sus clientes."
2023-04-13,,Gracias les volv√≠ a contestar el dm
2023-04-13,,"Gracias hey banco, solucionaron el problema."
2023-04-14,,Much√≠simas gracias
2023-04-14,,Muchas gracias por su respuesta tan pronta.
2023-04-14,,"gracias por la pronta devoluci√≥n, me sirvio para pagarle a"
2023-04-15,,Muchas gracias mando DM a la brevedad
2023-04-15,,No m√° gracias t√≠o estuvo fant√°stico este descuento del 50% en mi checkup en
2023-04-17,,"Super, gracias."
2023-04-18,,"Correcto, esperar√© el contacto por pae de ustedes para arreglar la situaci√≥n de mi inversi√≥n hey pro al 10%"
2023-04-19,,muchas gracias
2023-04-19,,"Excelente, muchas gracias por su sopoe, t√≠o hey. De igual manera quiero agregar que el error ya fue solucionado, y adicional, durante el d√≠a recib√≠ un SMS donde me notificaban que debido a una incidencia se mostraba el 5% y que lo estaban trabajando. Nuevamente gracias "
2023-04-19,,Muchas gracias. Voy a comunicarme entonces.
2023-04-19,,"Est√°n en proceso de resolver seg√∫n mensajes que me est√°n enviando los de hey banco, saludos."
2023-05-12,,Gracias
2023-05-12,,Ya me llego gracias
2023-05-12,,"Un gusto saludae Erich, ponemos a tu disposici√≥n nuestra cuenta de correo electr√≥nico en la que con gusto atenderemos tus dudas, escr√≠benos: asesoria@condusef.gob.mx , recuerda que CONDUSEF te apoya."
2023-05-12,,el mejor banco &lt;3
2023-05-12,,"Uno de los productos m√°s esperados del a√±o!!!! En YouTube ya tenemos el unboxing, activaci√≥n y peque√±a navegaci√≥n por el app de la tarjeta met√°lica de ! Les compao el link del video: TarjetaDeCr√©dito HeyBanco"
2023-05-13,,Es la mejor que he visto hasta ahora
2023-05-15,,Excelente muchas gracias
2023-05-15,,muchas gracias por su respuesta!
2023-05-15,,"Llamar para pelear a me resta tiempo, kilos, neuronas, pr√°cticamente me resta vida ese banco pitero."
2023-05-15,,"hola, excelente tarde, me podr√≠an ayudar con algo. Les mand√© DM, por favor, muchas gracias "
2023-05-15,,Me encanta que HeyBanco ya te manda notificaci√≥n cuando se hace el cobro 
2023-05-15,,tienen alg√∫n tiempo estimado de respuesta
2023-05-15,,"Conociendo la contrase√±a y el usuario, se puede entrar f√°cilmente desde otro dispositivo y sin que te llegue alg√∫n tipo de notificaci√≥n por v√≠a SMS y correo electr√≥nico, esto lo sabes muy bien"
2023-05-15,,Eso explica todo
2023-05-16,,"Hola si, hoy por la ma√±ana ya ten√≠a de nuevo mi usuario y funcion√≥ con normalidad mi app"
2023-05-16,,¬°CON RAZ√ìN!
2023-05-16,,"Yo tengo la de garant√≠a , pero creo que voy bien, hasta cu√°ntos meses se puede la de las normales, tengo inversi√≥n, n√≥mina y cuenta de d√©bitos ahi :)"
2023-05-16,,Que bueno que no cambie mi n√≥mina a
2023-05-16,,Gracias por avisar
2023-05-16,,"Buen d√≠a, les envi√© un mensaje, espero me puedan ayudar. Gracias."
2023-05-16,,"Buenos d√≠as, una vez m√°s sigo en espera"
2023-05-17,,Gracias ya qued√≥ resuelto
2023-05-17,,Qu√© tengas excelente mitad de semana.Para quienes a√∫n tienen duda de c√≥mo funciona la tarjeta Garantizada de https://t.co/b6iYPqXW4F
2023-05-17,,solicito apoyo
2023-05-17,,Qu√© tengas excelente mitad de semana.Para quienes a√∫n tienen duda de c√≥mo funciona la tarjeta Garantizada de ‚Ä¶
2023-05-18,,Ya qued√≥. Muchas gracias.
2023-05-18,,Tqm Ô∏èÔ∏è
2023-05-19,,"Ok, gracias"
2023-05-19,,Jajaja. Siii. Muchos d√≠as.  chale
2023-05-19,,Todo resuelto Gracias equipo
2023-05-20,,"Agradecido con que me ayudaron con una aclaraci√≥n rapid√≠simo, cada d√≠a m√°s feliz de haber dejado la banca tradicional por ustedes! "
2023-05-21,,Muchas gracias 
2023-05-21,,Hola buen d√≠a
2023-05-22,,Gracias !
2023-05-22,,"Listo, enviado! Saludos"
2023-05-22,,Me gusta heybanco para bajarles el mandado a los bancos espa√±oles que dominan este pa√≠s
2023-05-23,,yo presumiendo el 10% anual de HeyBanco y que Klar decide sacar 14%‚Ä¶ muy tentador
2023-05-23,,YA RESUELVEME ME URGE HACER UNA COMPRA
2023-05-23,,"Recomiendo ampliamente que usen y como alternativas a los llamados bancos tradicionales. Si sus bancos les est√°n cobrando alguna comisi√≥n de cualquier tipo en sus cuentas de d√©bito o peor a√∫n, no est√°n generando nada, entonces est√°n en el lugar incorrecto."
2023-05-24,,Gracias. Saludos
2023-05-24,,"Si, bueno me dijeron que ten√≠a que marcar. Y si quedo."
2023-05-24,,Ay si pas√≥ ya afounadamente. Jejeje.
2023-05-25,,Gracias! Ya les respondi!
2023-05-25,,Jaja nel
2023-05-27,,"Okay, Gracias"
2023-05-27,,Ya funcion√≥ nuevamente la aplicaci√≥n
2023-05-27,,"Me contestan a mi tambi√©n, pero ya"
2023-05-29,,"Listo, ya se los mand√© , gracias ."
2023-05-29,,Con Hey siempre tienes el control de tus finanzas y ahora tambi√©n el de todos tus movimientos gracias a las notificaciones qu‚Ä¶
2023-05-29,,"quiero trabajar con ustedes, me ayudan dici√©ndome como!"
2023-05-30,,gracias!
2023-05-30,,Con Hey siempre tienes el control de tus finanzas y ahora tambi√©n el de todos tus movimientos gracias a las notificaciones qu‚Ä¶
2023-05-30,,Eficiencia
2023-05-31,,Muchas gracias nunca me contest√≥. Afounadamente ya ha quedado resuelto.
2023-05-31,,"¬°Hola! Abre tu Cuenta Hey y obt√©n un boleto dorado cada mes para ganar.https://t.co/j45MnogZ Te recomiendo much√≠simo la cuenta, de hecho la rese√±an muy bien varios YouTubers de finanzas."
2023-05-31,,Muchas gracias por el Boleto Dorado Ô∏è
2023-06-01,,Gracias por la apoaci√≥n. Saludos
2023-06-01,,Esto es lo que yo llamo ServicioalCliente Mexico de verdad as√≠ es que un banco debe tratar a un cliente no es nada m√°s meter el dinero. Aprendan
2023-06-01,,"Buen d√≠a, es m√°s f√°cil que usted obtenga el cr√©dito con alguna caja popular, no hay peor lucha que la que no se hace, saludos"
2023-06-02,,Gracias
2023-06-02,,Gracias qued√≥ en espera
2023-06-02,,les dej√© un DM solicitando de su valioso apoyo.Saludos
2023-06-02,,Muchas gracias Un mes gratis de
2023-06-03,,"Gracias, ya envi√© mi duda"
2023-06-03,,Gracias por responder! Me da mucho gusto que te hayan solucionado r√°pido. Ojal√° as√≠ sea mi caso Saludos
2023-06-03,,"Gracias lic hace tres a√±os, si usted dice que no me deben negar volver√© a hacerlo, muy amable por su atenci√≥n un abrazo"
2023-06-03,,"Muchas gracias, si lo har√© de nuevo un abrazo fuee "
2023-06-03,,Por favor . Gracias
2023-06-05,,"Gracias, saludos"
2023-06-05,,Muchas gracias por responder!Acabo de lograr el desbloqueo!
2023-06-05,,Espero que si
2023-06-06,,"JAJAJAJJAJA VIC, trabajo en hey, cualquier duda no dudes en mandarme mensajito"
2023-06-07,,Gracias
2023-06-07,,Las de tienen buenos dise√±os.
2023-06-08,,HOLA???
2023-06-10,,Con Hey siempre tienes el control de tus finanzas y ahora tambi√©n el de todos tus movimientos gracias a las notificaciones qu‚Ä¶
2023-06-12,16:52:11,"Gracias, estoy al pendiente de la informaci√≥n."
2023-06-13,20:36:26,Yo fui muy feliz por muchos a√±os con la Santander Free hasta que me cambi√© a HeyBanco y su tarjeta me pareci√≥ una chulada. Recomiendo ampliamente.
2023-06-15,22:51:17,Hola. En mi caso me comuniqu√© al 81 4392 2626 y all√≠ me resolvieron. Por founa fue algo sencillo y r√°pido ¬°Suee!
2023-06-15,18:35:12,M√°s f√°cil que Now saque sus tarjetas de cr√©dito
2023-06-16,19:41:04,"Perfecto, ir√© a un punto Hey. Gracias, beb√© LOL"
2023-06-16,18:03:36,"He probado 4 bancos tradicionales diferentes y hasta el momento el mejor manejando MSI, ha sido Te permite ver exactamente cu√°nto debes en total.  Te da la lista de todos los pagos futuros que tendr√°s que hacer mes por mes.  Te da cashback de 2% en efectivo."
2023-06-17,18:00:08,Oye  Qu√© excelente tiempo de respuesta y amable personal en tu centro de atenci√≥n Ô∏è 
2023-06-18,17:29:39,Listo muchas Gracias
2023-06-19,19:52:35,Gracias
2023-06-19,14:43:55,Muchas gracias
2023-06-19,15:36:18,¬°Estamos para servie!
2023-06-19,13:32:11,Con es tan sencillo hacer todo tipo de movimientos desde mi celular. Adem√°s tienen una super tasa de rendimiento‚Ä¶
2023-06-20,18:20:40,Muchas gracias
2023-06-20,22:22:06,"hola , les mand√© un dm, gracias !"
2023-06-20,21:26:18,Muchas gracias! Si entrare para levantar un repoe a
2023-06-20,06:47:43,La de est√° m√°s coqueta y tienen beneficios reales. 
2023-06-20,06:10:33,Listos! heybanco PalNoe2021
2023-06-21,21:22:49,"Gracias, arreglado"
2023-06-21,16:20:21,Gracias 
2023-06-21,22:03:28,"Muchas Gracias, ya fue resuelto, gracias por el sopoe. Excelente servicio "
2023-06-21,03:47:49,Muchas gracias por la felicitaci√≥n 
2023-06-21,16:32:41,Si nunca hab√≠a tenido este tipo de situaci√≥n con otros m√©todos de pago y se me hace incre√≠ble como una operaci√≥n tan sencilla como pagar con tu tarjeta de en una p√°gina web se conviee en toda una mala experiencia de usuario con su servicio.
2023-06-22,16:25:12,Vaaaaa gracias por el dato
2023-06-22,15:16:55,"Buen dia, saque un carro usado en merkauto, y me autorizaron el cr√©dito el lunes 19 de Junio pero es fecha que no me llaman a firmar contrato y factura, como puedo saber cuando esta listo porque esta tardando mucho un proceso como este, gracias."
2023-06-22,20:38:17,"Para que est√©n bien atentos a lo que les llega, gracias a les compao el correo para que vean por d√≥nde les quieren llegar. P√≥nganse listos."
2023-06-23,17:14:56,AMO heybanco bien cabron. Jaja
2023-06-24,02:10:01,Por fiiiin modificaron la app de ya detecta mi huella y tiene una bonita secci√≥n de m√©tricas de tus gastos. Ah y pagu√© sin temas la luz.
2023-06-27,07:20:57,Yo estoy con la verdad
2023-06-28,17:42:50,Gracias!
2023-06-28,04:45:09,Gracias! Lo hice y quedo. 
2023-06-28,22:48:04,"Se resolvi√≥, volviendo a instalar la app"
2023-06-28,17:28:12,"Gracias, ahora se los env√≠o"
2023-06-29,17:45:59,"buen d√≠a, ¬øesto es real?"
2023-06-29,03:03:50,"Ps.... su aplicaci√≥n es la mejor, he visto HSBC y Banamex y nel. ¬øqu√© tal la de HeyBanco, la has probado?"
2023-06-30,17:26:15,Muchas gracias 
2023-06-30,19:02:11,"Desde que abr√≠ mi cuenta los amo Ô∏è. Si puedes, te recomiendo INVERSI√ìN HEY ah√≠ tengo mis ahorros y si eres Hey Pro hay mejores rendimientos "
2023-07-01,04:07:54,"Respuesta favorable, gracias!"
2023-07-02,15:01:49,Por eso amamos 
2023-07-03,20:36:54,"Una m√°s Techreo de Came, est√° s√∫per bien.... adem√°s de que ahora est√°n dando unos regalos solo por inveir con ellos...seguro y muy f√°cil."
2023-07-04,19:32:32,Nos da mucho gusto que seas pae de esta gran familia FINSUS ¬°Saludos! 
2023-07-04,16:46:43,¬°Hola Gracias por ser pae de esta gran familia FINSUS 
2023-07-04,16:23:59,Hace pocos d√≠as estaba disponible
2023-07-04,15:27:39,FINSUS siempre me a gustado mucho :) Aprovechando les dejo mi enlace de referido ;) Utiliza mi c√≥digo CASTILLO--79570
2023-07-04,14:11:14,"Pedida, esta si vale la pena el precio jajaja"
2023-07-04,09:42:38,Sin duda!
2023-07-05,04:08:16,Intenta es buenazo!!
2023-07-06,05:06:15,"ay suena s√∫per bien, justo lo que me anda gustando mucho ahorita de nu es su pae de hacer crecer tu dinero jajk o sea la inversi√≥n, quiero entrarle m√°s al tema la m√°s fan de los neobanks, definitivamente cuando por fin mande alv a banamex me abrir√© una de heybanco "
2023-07-06,02:59:57,"F√°cil: entro a pagos, elijo la tarjeta, elijo el plazo (3 meses, 0%), aceptar, token  Error. Antes he pagado sin problemas. Puedo hacer otras operaciones con token sin problemas."
2023-07-06,02:24:11," El nuevo dise√±o de las TDC de esta ma-ma-l√≥n chavos. ‚ÄçÔ∏è Tan pronto me regrese de USA voy a solicitar mi nuevo dise√±o (car√≠simo el env√≠o por cieo, ni Obama lo tiene). Por cieo, su programa de recompensas esta bastante aceptable eh. https://t.co/F79GXxxqTB"
2023-07-06,02:11:00," Tarjetas de Cr√©dito (TDC) SIN anualidad y con dise√±os chingones. Aunque antes de usar una TDC debes aprender a usarla papucho.  Personalmente la uso y me va muy bien, la aceptan donde sea (incluso en el gabacho). Checa:"
2023-07-07,16:18:25,"Muchas gracias, Justo llame hace dos d√≠as para la aclaraci√≥n, espero no sea tan tardado y salga bien"
2023-07-07,01:24:12,"Gracias, acabo de mandar el correo."
2023-07-08,05:58:28,"Varias meses siendo usuario HeyPro en y al fin me dieron por lo menos unos de sus puntos, algo m√°s que una taza preferencial de inversi√≥n."
2023-07-09,20:12:00,"Perfecto, estar√© atenta. Muchas gracias."
2023-07-10,17:49:42,Rifadisimo en lo personal si me gust√≥.
2023-07-11,23:55:24,"S√≠ me sirvi√≥, muchas gracias "
2023-07-11,20:50:22,"Que sean tan f√°cil de usar y sobre todo confiables como heybanco, cuales?"
2023-07-11,03:16:37,"Ya me lleg√≥ la Ajolotarjeta de y me encant√≥, ac√° les dejo el unboxing para que vean m√°s detalles de este nuevo dise√±o:"
2023-07-11,01:51:29,Yo voy a pedir la m√≠a est√° preciosa esa tarjeta 
2023-07-13,18:28:34,¬°Te invitamos a ser pae de Klar para que comiences a disfrutar de nuestros beneficios! Ô∏è
2023-07-13,05:36:30,Gracias ya mande un correo
2023-07-14,22:08:32,"Gracias por el repoe. Exacto, ya pagu√©. Cc"
2023-07-14,20:26:17,realmente dan servicio al cliente por este medio?
2023-07-14,18:55:12,I highly recommend you to@Legith_hacks on Instagram he helped me out when I had same issues
2023-07-15,17:01:34,"Que bueno, gracias por estar atentos. Tambi√©n chequen su nivel de ""empatia"" con sus clientes, de todas las formas. Ô∏è"
2023-07-15,04:58:58,Que dato tan interesante me has dado! Conoces ?
2023-07-15,02:54:54,"Huy tambien Stori y Mercado Cr√©dito desde 10 d√≠as antes est√°n mandando SMS, notificaciones v√≠a app y whats."
2023-07-16,15:27:21,Gracias ya les contest√©
2023-07-17,23:51:26,Muy bien. Ya la solicit√© y si me la otorgaron. Eleg√≠ el dise√±o de ajolotito. 
2023-07-18,18:15:18,Gracias
2023-07-18,17:01:27,This web3 developer's MEV strategy is the real deal - earning him over 5 ETH per week and taking his crypto earnings to new heights.
2023-07-18,14:13:39,"Buenos d√≠as, he gracias por la atenci√≥n, llame al servicio al cliente y todo bien, ya no aparece as√≠, muchas gracias "
2023-07-18,05:07:34,"Buena noche! En Mayo pedi un ceificado de regalo de amazon con HeyCoins, estaba viendo el estado del pedido y me aparece en Procesando, hay algun estimado de cuando se procesan estos pedidos? Muchas Gracias."
2023-07-19,23:03:01,"Jajajaja por eso no me toman enserio, perooo nunca dejar√© de usar a cheems para algunos v√≠deos jajaja Hoy v√≠deo en el cana‚Ä¶"
2023-07-19,19:30:02,"me pueden atender por aqui, no creo que haya problema."
2023-07-19,16:56:45,"esperemos que responda en sinceramente no he tenido problemas con ellos se me hace un buen banco, muchas gracias."
2023-07-19,03:18:39,El mejor banco es HeyBanco por mucha diferencia nk
2023-07-21,18:19:03,"S√≠, tengo distintas cuentas y siempre me han apoyado cuando llega a pasar algo. Hasta ahora HeyBanco y BBVA han sido mis mejores experiencias"
2023-07-21,18:17:46,Recomiendo HeyBanco
2023-07-21,04:46:51,Gracias. Ya me explicaron. Muy amables.
2023-07-22,23:11:44,Yo he tenido buena experiencia con HeyBanco. 1% cashback en compras f√≠sicas y 2% en compras online. La app es f√°cil de usar y permite inveir al 10% anual renovando cada 7 d√≠as. Actualmente la utilizo para cubrir mi gasto mensual. Estoy contento con ella.
2023-07-22,11:32:23,"En menos de un mes logr√© desbloquear estos grandes beneficios, gracias por brindar esta herramienta para promover e‚Ä¶"
2023-07-23,22:10:43,Enserio! Wow muchas gracia spor la respuesta en unos minutos m√°s termino de abrir mi cuenta
2023-07-23,22:09:50,Ilimitadas. Puedes hacer todas las que quieras con los plazos que gustes y los mejores rendimientos. En ofrecemos la mejor plataforma digital que te permite libead financiera.
2023-07-23,17:54:30,"Gracias, ya les contest√©"
2023-07-24,23:22:43,"Ha, thanks for the rec! I loved the idea of having a digital bank that's pa of the Multired (consoium of ATMs) but I guess it was not to be ."
2023-07-24,19:58:54,Gracias
2023-07-27,00:01:54,"Puedes empezar con tarjetas de cr√©dito ""garantizadas"" Son para personas que no tienen historial. Stori o heybanco ser√≠a lo mejorcito. Recibir n√≥mina tambi√©n ayuda mucho con los bancos tradicionales c:"
2023-07-28,22:43:10,"Hoygan , mi TDC co√≥ el 17-7-23 y la fecha l√≠mite de pago es el pr√≥ximo jueves 3. Se supone que mientras pague antes de esa fecha no hay problema. Correcto?"
2023-07-28,21:02:59,Yap!
2023-07-28,20:31:24,Dame el telefono de servicio al cliente
2023-07-29,18:04:22,tomalo por el lado amable y para el proximo recibo ya es gratis heheheheh
2023-07-29,05:56:41,Jajaja verdad que s√≠
2023-07-30,18:08:07,Muchas gracias
2023-08-01,20:01:28,Gracias por el seguimiento. Ya qued√≥ resuelto y no era problema de ustedes.
2023-08-01,17:48:12,"Excelente servicio Por cieo, como dato Por cualquier cosa yo no di mis datos bancarios pues de uso com√∫n Yo tengo una cuenta digital de HeyBanco que no utilizo m√°s que para esto, y ah√≠ me han estado llegando mis transferencias Adjunto evidencia"
2023-08-01,14:15:42,"Ya qued√≥ solucionado, Muchas gracias"
2023-08-01,04:41:41,recomiendo x10000 HeyBanco!!!
2023-08-02,16:57:52,Gracias ya respondi el mensaje
2023-08-02,04:21:34,"Estar√≠a s√∫per, algo como lo que hacen en"
2023-08-04,23:36:52,F√°cil: Abre una cuenta bancaria en uno de los nuevos bancos digitales. Te recomiendo porque est√° mucho m√°s integrado al sistema bancario que otros que simplemente son fintech.
2023-08-04,00:38:53,No recuerdo pero creo que fue r√°pido
2023-08-05,23:09:34,"hola buenas tardes! Me ayudan a confirmar cual es el monto m√°ximo para transferir desde mi cuenta hey y como puedo modificar esos l√≠mites por favor, gracias!"
2023-08-05,04:58:31,Muchas gracias! Le hab√≠a recomendado a un conocido que antes ellos daban pr√©stamos y ya no salen. Entonces quer√≠a sugerirle esa opci√≥n. Que amable eres.
2023-08-05,01:22:22,"Creo que es eso, acaba de llegar, muchas gracias"
2023-08-06,23:28:23,Jaja lo mismo pasa con Mercado Pago y HeyBanco pero de acuerdo es una maravilla
2023-08-07,22:14:52,"Si me resolvieron, tiene un gran servicio al cliente!"
2023-08-07,11:17:55,Si me lleg√≥ a las 24 hrs. Espero que haya llegado bien la transferencia.
2023-08-08,16:00:40,"Ya lo hice, ayer saqu√© todaa lana y mejor me quedo con quienes ya llevo tiempo y no he tenido problemas con ellos. Tambi√©n recomiendo a me est√° jalando muy bien y mis clientes me pagan por ah√≠. Saludos."
2023-08-09,19:43:25,"Hola muchas gracias ya les expliqu√© la situaci√≥n, les agradezco una respuesta a la brevedad"
2023-08-09,15:05:31,"Les escrib√≠ por ah√≠ desde ayer, y no me pelaron!"
2023-08-10,00:03:09,"hoy fue mi primer d√≠a en heybanco  de regreso a la vida de oficina  mil gracias, "
2023-08-12,18:47:40,"¬°Por fin me toc√≥ un BoletoDorado ganador!  Me sent√≠ como Charlie en la fabrica de chocolates  C√°mara solo me faltan 8,200 heypoints para mi xbox."
2023-08-12,05:53:54,"Release notes, mensaje con typo en Terjeta Me gusto la actualizaci√≥n que hicieron para ver las tarjetas"
2023-08-15,21:50:22,"Justo a mi me pas√≥ en el mismo momento, al final vuelve a aparecer en un rato despu√©s."
2023-08-18,18:05:07,Gracias  
2023-08-18,17:18:46,Le sugiero encarecidamente que se comunique con ~bensonhack50~ en Instagram para solucionar cualquier problema relacionado con la cuenta. ah√≠ r√°pido y confiable a√∫n puedes graficarlos por WhatsApp 
2023-08-19,15:02:37,"Muchas gracias, ya les respond√≠ por DM"
2023-08-22,00:52:31,"En la Comunidarks me recomendaron la Rappicard y la HeyBanco. Uso m√°s la de HeyBanco por las recompensas, no hay anualidad, adem√°s te da tarjeta dual entonces tienes de cr√©dito y d√©bito. La Rappicard la uso para cosas m√°s espec√≠ficas, por ej Ticketmaster la acepta sin problema."
2023-08-23,17:41:15,"Ya qued√≥ resuelto favorablemente mi que queja, gracias"
2023-08-25,19:20:41,Que guen servicio traen los de siemrpe resuelven bien 10/10 Ô∏èÔ∏è
2023-08-25,02:12:59,"Resolvieron el cargo no reconocido de mi tarjeta, siempre dicen que pueden ser varios d√≠as pero el proceso no tard√≥ ni una semana "
2023-08-28,21:22:10,"Muchas gracias, ya lleno los datos. /@heybanco"
2023-08-28,17:12:16,¬°Much√≠simas gracias por compair! Ô∏è 
2023-08-30,00:11:50,De qu√© queja me hablan?  Nada de quejas con Trabajan muy bien Ô∏è
2023-08-31,04:02:55,en Recompensa Total Banoe llegan en menos de 3 d√≠as h√°biles por mail.
2023-09-01,18:06:14,Muy felices y contentos por nuestros clientes ya que hoy pudieron estrenar su nuevo hogar. inovaserviciosfinancieros cuauht√©mocchihuahua creditos HeyBanco
2023-09-01,16:25:34,"Perfecto, ya pude entrar a la App y como seg√∫n mi dispositivo no es compatible (aunque es uno de los m√°s recientes de Samsung) prefiero cambiar de banco a cambiar mi equipo. Hola! Saludos."
2023-09-01,00:51:39,"Yo la tengo, esta bien padre."
2023-09-04,19:50:21,Aplausos para el equipo de 
2023-09-05,23:52:00,"Yo quisiera saber si ya puedo ser acreedor a la tarjeta de cr√©dito tradicional, debido a que ya llevo m√°s de seis meses de uso de la garantizada y se ha mejorado mi historial muy significativamente!"
2023-09-05,19:25:28,Jajaja
2023-09-05,03:39:27,"HeyBanco ha implementado un chat/bot muy interesante llamado HeyGPT, que resuelve dudas sobre sus productos, el cual me sorprendi√≥ bastante, creo que es un gran avance para mejorar la experiencia con la atenci√≥n a clientes, ac√° te cuento todo:"
2023-09-05,02:53:41,Yo uso ese banco y siempre me resuelven r√°pido y mil veces m√°s r√°pido vs Banamex haha
2023-09-10,21:18:12,HeyBanco. Me ha salido buena.
2023-09-12,22:40:28,Gracias.
2023-09-12,02:35:10,Chulada de cuenta! Buenos rendimientos  aplicaci√≥n funcionando al  sin comisiones de ninguna especie!! Entre esta y la de no necesito nada de ninguna otra instituci√≥n. Nunca cambien ehhh? Asi empez√≥ Klar y luego ya no cumpli√≥. Ô∏è
2023-09-13,23:20:30,"¬°Feliz D√≠a del Programador! Su trabajo es esencial para el funcionamiento de la sociedad actual, es por eso que te traemos algunos datos impoantes sobre este d√≠a y la profesi√≥n.‚Äç HeyBancoMedia HeyBanco D√≠aDelProgramador Programadores"
2023-09-13,20:45:41,"Hola muchas gracias, ya les contest√© v√≠a DM"
2023-09-13,20:32:13,"Solucionado, gracias!"
2023-09-13,16:02:39,ayuda!!
2023-09-14,23:17:46,"Es que son horas de Venus, todav√≠a est√°n en tiempo xd"
2023-09-14,15:38:55,Inviee en cuesti√≥n de minutos desde tu celular y obt√©n ganancias cada semana.  Conoce c√≥mo hacer crecer tu dinero con Inv‚Ä¶
2023-09-15,21:23:57,A mi me sirvi√≥ actualizar mi versi√≥n de Android a la m√°s reciente. Con eso ya abre
2023-09-15,16:46:03,Gracias justo eso me funciono
2023-09-16,23:38:12,Yo elimine el cache en los ajustes de la app y funcion√≥
2023-09-16,23:23:44,Si me funcion√≥!!! Muchas gracias
2023-09-16,20:21:53,"Entren a ajustes de la app , borren el cache y funciona"
2023-09-16,05:17:38,Esto me funcion√≥ a mi
2023-09-16,04:56:18,Muchas gracias Hey! Ya qued√≥ resuelto. 
2023-09-16,03:28:28,Gracias ! Lo intentare 
2023-09-17,23:18:02,Gracias! Tambi√©n me funcion√≥ reiniciando 
2023-09-17,15:24:56,"Ya qiedo resuelto, muchas gracias!"
2023-09-18,22:22:18,Funcion√≥ gracias. Mejor que la cuenta oficial
2023-09-18,18:10:10,"Muchas gracias por la informaci√≥n, me sirvi√≥ para poder acceder a la aplicaci√≥n, deber√≠an publicar la soluci√≥n en sus redes para que otros usuarios puedan solucionarlo"
2023-09-19,18:10:58,Confirmo hoy 19 de septiembre que funciona.. muchas gracias
2023-09-19,17:56:50,"La colonia m√°s bonita y cool de todo Latinoam√©rica te est√° esperando, descubre con Jonnah Moreno sus incre√≠bles recintos y disfruta de su incre√≠ble belleza. HeyBanco HeyMedia HeydeLocal Guadalajara"
2023-09-19,17:55:31,"El lugar perfecto para sentae a trabajar mientras te tomas un delicioso caf√©... para despu√©s ir por una joya de la literatura, de segunda mano. Descubre con Jonnah Moreno los lugares secretos de la colonia Americana. HeyBanco HeyMedia HeydeLocal Guadalajara"
2023-09-19,17:52:22,"Entre cafeter√≠as, una arquitectura √∫nica y bonitos pisos, Jonnah Moreno nos muestra la cara m√°s apacible de la colonia Americana, que es considerada la m√°s bonita en todo Latinoam√©rica. HeyBanco HeyMedia HeydeLocal Guadalajara"
2023-09-19,16:43:55,"Muchas gracias ahora s√≠, por mandar la actualizaci√≥n v10.39.2 de la app de Android. La aplicaci√≥n funciona nuevamente, tras 5 d√≠as que estuvo muea para varios de nosotros. Gracias"
2023-09-19,05:21:53,"Exacto, en el 10.39.0 est√° todo normal."
2023-09-20,22:28:33,Listo! Muchas gracias! :)
2023-09-20,20:42:03,Ya hoy se restableci√≥ la aplicaci√≥n gracias
2023-09-20,02:42:16,"X3. A las 12 sin problema, y uno desde las 6 y nada"
2023-09-20,02:09:44,"Gracias por la respuesta, pude habilitar mi app"
2023-09-22,22:00:52,"A mi nunca me ha fallado, al contrario es de las m√°s estables."
2023-09-23,17:15:22,"Gracias, no deber√≠a ser informaci√≥n privada, es para que ustedes mejoren. Saludos."
2023-09-24,15:49:15,c√≥mo puedo pedir otra tarjeta sin perder mis datos anteriores. Gracias
2023-09-26,23:06:29,Siempre estoy recomendando y llevo 2 meses sin tarjeta  ¬øregresar a Banamex ser√° la soluci√≥n?
2023-09-26,22:30:41,"Hola, solo para agradecer p√∫blicamente la atenci√≥n recibida en su momento, y mencionar que ya recib√≠ todos los productos solicitado de su tienda de Hey Shop. Muchas gracias."
2023-09-26,18:47:23,Ya lo envie
2023-09-27,19:00:56,"Muchas gracias, los amo. "
2023-09-28,00:50:29,"incre√≠ble que a estas alturas tengas que ir a activar tu netkey ‚Äúm√≥vil‚Äù a una sucursal cuando cambias de tel√©fono. Tienen mucho que aprender de que sin comprometer tu seguridad, lo hacen simple y r√°pido desde la misma app."
2023-09-30,05:35:34,Yo sigo pensando que es un gran producto
2023-10-02,19:50:21,Gracias
2023-10-03,23:23:14,Yo tambi√©n quiero 
2023-10-03,18:33:09,"Gracias, les acabo de escribir."
2023-10-05,16:30:02,"Tengo la de que es de banco Azteca y si esta muy bien, la de tambi√©n esta padre y la de esas manejo"
2023-10-06,21:54:50,"En hora buena Jorge, t√∫ eres una persona muy reconocida en el gremio mielero y tu reputaci√≥n vale."
2023-10-11,03:04:58, √ìrale qu√© cool. ofrece informaci√≥n sobre finanzas personales dentro de la aplicaci√≥n.  Habr√° que darle una opounidad al podcast
2023-10-12,05:36:25,"Ganeee! Si quieres ser pae de esta fiebre Hey, te puedo referir. Gracias"
2023-10-13,16:37:56,"Gracias, volv√≠ a llamar y fue rapido"
2023-10-13,04:04:23,‚Äç 5 estrellas al sopoe de ya se saben el d√∫o din√°mico Ô∏èÔ∏è
2023-10-14,22:34:37,Quedo en espera. Gracias
2023-10-14,11:56:33,Felicidades a todos los que hicieron esto posible
2023-10-16,01:22:55,Muchas gracias
2023-10-17,18:13:26,"Procedo, gracias por el apoyo"
2023-10-18,12:23:13,Recib√≠ ayuda de fredhack88 en Telegram. Me ayud√≥ a recuperar mi cuenta y habilitar la autenticaci√≥n de dos factores en la cuenta. Estoy realmente impresionado. Tambi√©n te ayudar√° con tus problemas de pirater√≠a.
2023-10-19,07:14:39,"Gracias ya los conoc√≠, los use, y hoy los dejo, definitivamente no son lo mio, pero si los recomiendo!  Bancos f‚Ä¶"
2023-10-20,23:13:05,"¬°Te vamos a sorprender! Ô∏è Para todos nuestros fans, ¬°les queremos dar m√°s! Estamos a punto de elevar su experiencia a un ni‚Ä¶"
2023-10-21,03:46:33,"¬°Te vamos a sorprender! Ô∏è Para todos nuestros fans, ¬°les queremos dar m√°s! Estamos a punto de elevar su experiencia a un ni‚Ä¶"
2023-10-21,02:21:31,11% la inversi√≥n y con eso!
2023-10-22,03:12:45,"¬°Te vamos a sorprender! Ô∏è Para todos nuestros fans, ¬°les queremos dar m√°s! Estamos a punto de elevar su experiencia a un ni‚Ä¶"
2023-10-23,19:55:44,Se va a poner bueno con heybanco
2023-10-23,03:32:06,"Estamos igual, tambi√©n me sorprend√≠"
2023-10-23,03:23:34,Yo tambi√©n!
2023-10-24,21:07:14,Nos deber√≠an sorprender con app funcional. Todos los dias hay que estar borrando e instalando. Dura un acceso √∫til.
2023-10-24,19:44:21,Listo enviado
2023-10-24,08:53:57,"¬°Te vamos a sorprender! Ô∏è Para todos nuestros fans, ¬°les queremos dar m√°s! Estamos a punto de elevar su experiencia a un ni‚Ä¶"
2023-10-25,23:43:33,"Muy buena , esta vez hey se equivoc√≥, dec√≠a ser diferente a los bancos normales e incluso puede que apair‚Ä¶"
2023-10-25,23:19:19,Fuiste bueno por un tiempo. Ahora mi tarjeta se ir√° al caj√≥n. Hasta nunca 
2023-10-25,22:15:53,es muy buena opci√≥n.
2023-10-25,21:43:42,"Bueno, toda historia tiene un final. Adi√≥s"
2023-10-25,21:36:59,"La tarjeta plata trae buen cashback, deber√≠as darle una revisada"
2023-10-26,20:20:52,"¬øSPA para los Hospitality? Bueno, siempre se agradece un masajito para aguantar los 3 d√≠as de festival ¬°Checa los beneficios de cada abono! Ô∏è Ma√±ana prevents exclusiva por TecatePalNoe "
2023-10-26,19:36:54,Gracias! Les env√≠e otra duda.
2023-10-26,18:51:17,"Ok, estar√© al pendiente, gracias"
2023-10-27,20:52:45,"Gracias por mis ultimas recompensas, adios vaquero, fue bueno mientras dur√≥"
2023-10-27,20:52:13,Ma√±ana los compramos!!! 
2023-10-27,20:19:11, ¬°Gracias! La Venta Exclusiva HeyBanco est√° AGOTADA en su totalidad   La venta libre de Boleto Tempranero para 2024 tendr√° lugar ma√±ana 28 de octubre a pair de las 14:00 hrs.
2023-10-27,20:08:25,Gracias Gracias venta tempranera  Tqm
2023-10-27,19:47:04,Ô∏èÔ∏èTecate Pa'l Noe 2024!!!Ô∏èÔ∏è Si tienen Hey Banco aprovechen hoy porque hay buenos descuentos en el abono Tempranero!‚Ä¶
2023-10-27,18:44:33,¬°Muchas gracias por tu confianza!  ¬°Estamos felices de que formes pae de la familia Klar!  ¬°TE QUEREMOS!Ô∏è
2023-10-27,18:10:40,Ser√≠a lo m√°s adecuado despu√©s de lo que costo por lo menos 6 meses de prueba como lo hac√≠a Scotia con su tarjeta ideal ya despu√©s decides.
2023-10-28,20:57:12,"Gracias, sigan con esas propuestas tan inovadoras que seguramente atraer√°n millones de clientes y marcar√°n un antes y un despu√©s de la banca en M√©xico. De seguro las felicitaciones no paran por eso hasta bloquearon sus redes sociales. Son unos genios! No se cansan de ganar tanto?"
2023-10-28,18:56:45,Fuiste bueno por un tiempo. Ahora mi tarjeta se ir√° al caj√≥n. Hasta nunca 
2023-10-28,18:50:44,adquir√≠ la membres√≠a mega Fan porque me sali√≥ que un beneficio era una venta exclusiva de Tecate‚Ä¶
2023-10-28,18:50:27,Ya cay√≥ la actualizaci√≥n gracias
2023-10-28,18:44:10,Padr√≠simas las nuevas membres√≠as de encontr√© una que se ajusta a mis necesidades y ya la contrat√©. Les recomiendo q‚Ä¶
2023-10-28,15:39:01,"A m√≠ ya me depositaron, la verdad estoy contento con sus servicios, espero recapaciten y re valoren sus decisiones"
2023-10-28,14:40:52,Es correcto
2023-10-28,13:35:53,Esto de me parece tipo las gasolinaras VIP
2023-10-28,13:07:09,Antes que nada bienvenido a Ual√°. Gracias por el feedback. Es muy constructivo. Varios de esos temas se resuelven en los pr√≥ximos updates. Mudarse a una arquitectura 100% bancaria no ha sido f√°cil y eso afecta cieos procesos. Ya viene lo mejor. Gracias desde ya.
2023-10-28,01:13:56,"Gracias ya pude comunicarme y creo si se solucion√≥ mi problema, gracias "
2023-10-29,02:17:34,Buena publicidad 
2023-10-30,23:34:34,"¬øEres un estudiante y tienes una idea brillante?  ¬°El Reto Emprende Hey te espera! Paicipa y gana hasta $50,000 por tu‚Ä¶"
2023-10-30,21:59:22,Muchas gracias 
2023-10-30,21:49:32,Ahorita mismo les mando correo y n√∫mero telef√≥nico para contacto.
2023-10-30,19:03:02,Dale gracias a
2023-10-30,16:28:53,Checa creo que tiene mucho potencial!
2023-10-31,22:23:42,"Bien hecho, ya mero te alcanzo. ‚ÄçÔ∏è"
2023-10-31,21:13:51,¬°Muchas gracias por tu confianza!   ¬°Estamos felices de que formes pae de la familia Klar!  
2023-10-31,18:51:34,"Lo verdaderamente interesante de heybanco es su herramienta de inversi√≥n y, en lo personal, ser√≠a para lo √∫nico que tengo la tarjeta y que pagar√≠a por el plan. Seg√∫n el plan que pagues y si dejas el dinero 7 o 28 d√≠as te pueden dar el 9%, 10%, 11% o 12% de inter√©s anual."
2023-10-31,18:05:15,Ya est√°n todos mis ahorros contigo! gracias
2023-10-31,18:01:11,"Gracias, como siempre super atentos y efectividad en resolver dudas."
2023-10-31,17:44:55,Gracias por la respuesta ya conteste por DM saludos
2023-10-31,15:53:03,¬°Estamos para servie!
2023-10-31,14:25:33,"¬øEres un estudiante y tienes una idea brillante?  ¬°El Reto Emprende Hey te espera! Paicipa y gana hasta $50,000 por tu‚Ä¶"
2023-10-31,03:59:10,"Uf! Que buena idea, ¬øNo, Que nos pague en Hey Coins."
2023-10-31,03:53:34,"Mejor que anualidad, mensualidad "
2023-11-01,19:33:12,Bien merecido 
2023-11-01,02:16:06,Me encanta la publicidad de la competencia
2023-11-02,03:53:49,INVEX!! El acelerador conviene much√≠simo si le gastas de 10k para arriba al mes. Este a√±o llevo como 4 mil en vuelos y muchas tarjetitas de uber y starbies.
2023-11-02,01:00:57,"Despu√©s de ver est√° entrevista, creo que es una excelente opci√≥n"
2023-11-02,00:57:59,este tweet es solo para agradecer la rapidez con la que resolvieron unos cargos no reconocidos. Necesitaba urgentemente ese dinero que robaron de mi tarjeta y ustedes me ayudaron en s√≥lo 3 d√≠as. Tambi√©n las cosas buenas deber√≠an compairse. ¬°Gracias Hey Banco!
2023-11-02,00:50:37,"Ya reflexion√©, creo que est√°n bien las membres√≠as de"
2023-11-02,00:14:08,En unos meses se fue lo que lograron en a√±os... Felicidades
2023-11-02,00:08:41,Esta es la mejor idea para sus clientes
2023-11-03,19:42:24,"La verdad son muy buenos contra fraudes o cosas as√≠, los dem√°s bancos se mega desentienden, a m√≠ me han hecho todos los paros de la vida."
2023-11-03,19:14:00,"S√≠ vi que adem√°s traen primo del bono y el primer a√±o sin anualidad, que es lo que me da codoo. Y luego la edici√≥n de la tarjeta rosa . Ya considerando seriamente."
2023-11-03,18:35:36,"Yo amo con todo mi ser la Amex, la verdad siento que ninguna otra te tratan tan bien, est√° cara la anualidad pero s√≠ vale toda la pena por la seguridad que te ofrecen."
2023-11-03,18:12:46,"Gracias, novio, un saludo hasta all√°."
2023-11-04,05:06:01,Gracias Mandiii
2023-11-07,18:45:40,"Same, ya mejor regres√© a Banoe y HeyBanco solo para compras de ‚Äúriesgo‚Äù."
2023-11-08,22:57:26,Vamos muy bien con heybanco 
2023-11-08,17:43:43,Muy amables muchas gracias.
2023-11-08,16:06:38,"Listo, lo hice en la madrugada, gracias!!"
2023-11-08,13:58:57,Excelente noticia!!! El 15% est√° genial y sin necesidad de pagar membres√≠as absurdas ahora s√≠ tendr√° mucho de que arrepentirse
2023-11-09,17:35:17,defi√©ndete !!!
2023-11-09,07:54:23,baj√≥ el rendimiento de la inversi√≥n mientras que la subi√≥. Todo perfectamente equilibrado
2023-11-10,23:36:40,Hey sigues siendo cliente de Saludos!
2023-11-10,21:16:19,recomendada
2023-11-10,21:15:29,"Hazlo, es una excelente opci√≥n. Yo tengo con ellos 3 a√±os"
2023-11-10,03:27:47,"S√≠, es venganza"
2023-11-11,01:11:31,Una lecci√≥n a esos perros de que quieren cobrar por lo que ustedes dan por solo ser clientes. Solo falta cashback y van a volver a ser mi tarjeta preferida.
2023-11-14,21:26:38,"Buen movimiento  ""Hey"" me recuerda a Mantis de Kung-fu Panda cuando agarra las cuerdas del puente "
2023-11-14,21:21:37,Agree.  Hasta una cr√≥nica les avente.
2023-11-14,18:00:50,Gracias 
2023-11-16,16:22:08,Esto es r√°pido para
2023-11-17,13:44:00,Nos encanta tenee con nosotros 
2023-11-18,23:34:22,Gracias carnal.
2023-11-21,21:20:08,No dudo que hayas sido t√∫ hahahahahahaha.
2023-11-23,12:49:47,"A m√≠ me ofrece 3MSI, ser√≠a bueno ver si es verdad jajaja"
2023-11-25,17:23:29,Beneficios de un mercado mas competitivo
2023-11-25,16:40:17,"Bendita sea la competencia, y bienvenido el cashback as√≠ sea un por ciento como dice la canci√≥n"
2023-11-25,15:49:20,OJO ACA!! Regresan las recompensas a 
2023-11-25,13:16:52,Gracias nos escuchaste y por eso seguir√© contigo 
2023-11-25,11:00:45,Lo mejor que pudiste hacer amigo
2023-11-25,04:47:53,Tsss .. que bueno .
2023-11-25,04:44:46,"Hiciste bien, t√≠o Ô∏è"
2023-11-26,18:53:13,Les recomiendo tambi√©n es mexicano y no est√° en quiebra con el DientesDeBurroUsurero
2023-11-26,16:58:44,"Gracias por la respuesta, estare atento saludos tio"
2023-11-27,23:58:29,Gracias  ‚Å¶@soynumx‚Å© ‚Å¶@nubank‚Å© espero sirva de aprendizaje a las dem√°s plataformas si quieren nuestro dinero como inversionistas. Fyi ‚Å¶@dinnactinver‚Å© ‚Å¶@heybanco‚Å© ‚Å¶@uala‚Å© ‚Å¶@uala_mex‚Å© ‚Å¶@MercadoPagoMex‚Å© ‚Å¶@FinsusApp‚Å©
2023-11-27,09:38:19,"Incre√≠ble atenci√≥n al cliente de siempre he pagado a tiempo, estoy dentro del plazo de pago y‚Ä¶"
2023-11-28,10:47:12,el mejor banco
2023-11-29,09:13:31,"Me un√≠ a en julio de 2019 y me ha resultado muy √∫til para mis transacciones en l√≠nea, la verdad la recomiendo mucho"
2023-11-30,10:15:52,"Hey Banco me gusta mucho, iwal mercado pago apae de q es s√∫per pr√°ctico y el dinero q tienes ah√≠ est√° inveido en gbm y te genera unos pesitos extras"
2023-12-01,21:23:51, ¬°Promoci√≥n para todos nuestros clientes Hey! Aprovecha las compras de temporada y recibe recompensas en efectivo. ¬øList@ p‚Ä¶
2023-12-01,16:26:31,Me gustaba porque repoaba a bur√≥ de cr√©dito
2023-12-01,08:55:31,Hey. Banco que haya salido a la luz la coreo completa. Me gust√≥ el final a lo indio. Como se llama la obra que interpretan?
2023-12-02,20:22:15,Siempre estoy recomendando y llevo 2 meses sin tarjeta  ¬øregresar a Banamex ser√° la soluci√≥n?
2023-12-02,11:30:48,terminos y condiciones por favor
2023-12-05,15:45:46,Jajajaja
2023-12-07,10:11:29,Breve lecci√≥n de econom√≠a. Aprende a no pagarle a y a cobrar por depositar en y al mismo tiempo que luchas contra el Gaza_Genocide
2023-12-07,09:35:45,. Llegan nuevos instrumentos financieros y te ofrecen hasta el 13 por ciento de dinero adicional por cada d√≠a que guardes tu dinero mientras que te cobra si no lo mueves por m√°s de seis meses. Por eso est√° en
2023-12-09,16:38:30,"Jamas pens√© que me quedar√≠a con Hey Banco despu√©s de todas las mamadas que est√°n haciendo pero literalmente es la mejor opci√≥n que tengo. En fin, chingada madre HSBC, tremendo pedo por una compra de 150 pesos."
2023-12-09,16:12:02,"Correcto, sin m√°s pre√°mbulos."
2023-12-14,18:55:33,Apareci√≥ una buena promo en al contratar un seguro para tu celular.
2023-12-14,11:19:37,"El canje de las hey Coins de por tarjetas de regalo de Amazon ya son instant√°neas, te llegan los c√≥digos casi al ins‚Ä¶"
2023-12-14,10:13:06,"Excelente pregunta, que de dijeron bro?‚Ä¶"
2023-12-14,10:10:39,"El canje de las hey Coins de por tarjetas de regalo de Amazon ya son instant√°neas, te llegan los c√≥digos casi al instante. ¬øRecuerdan lo que me pas√≥ hace unos meses? "
2023-12-15,16:13:32,"Confirmo el d√≠a de hoy cambie mis Hey coins y en el correo de confirmaci√≥n ya viene el c√≥digo, todo cool ya hasta realiz√≥ mi compra "
2023-12-17,16:29:51,Amamos las recompensas de 
2023-12-17,12:08:17,Con para que me patrocine m√°s juegos del MaratonDevir
2023-12-18,10:31:35,"Evalu√© cambiar a HeyBanco! por Nu, debido a la tasa de rendimiento y wow, gratamente sorprendida."
2023-12-19,21:07:28,Muy amablemente su AreaEspecializada me di√≥ soluci√≥n. ^R
2023-12-22,17:50:55,"Te la recomiendo, atenci√≥n inmediata, tambi√©n para ti un abrazo y felices fiestas, abrazo para toda la familia."
2023-12-22,17:37:53,"Entiendo, con la de Baz me transfiero de la de cr√©dito a la de Azteca, entra como una compra y no me genera comisi√≥n. Te la recomiendo y muy accesible"
2023-12-22,15:58:18,"Excelente, gracias por la informaci√≥n."
2023-12-22,11:43:33,"Hola Pepe, buenos d√≠as. Te atiende Sof√≠a, es un gusto saludae. ¬øNos podr√≠as compair v√≠a DM mayor detalle de la situaci√≥n que presentas con tu aplicaci√≥n BBVA M√©xico, por favor? 1/2"
2023-12-27,09:01:38,"Manifestando ganarme el soeo de HeyBanco. Hecho esta, lo declaro, soy abundancia."
2023-12-28,22:25:18,"Hola! He mantenido un buen historial con ustedes, tengo la duda de qu√© hacer para que me aumenten la l√≠nea de cr√©dito TDC?"
2023-12-30,09:31:05,Gracias ayer me atendieron r√°pido por llamada ya quedo resuelto
2024-01-01,14:05:36,"A√±o Nuevo, novedades nuevas ¬øque les parece este ajuste de HEYBANCO? Anualidad y HEY PRO forzado  Me parece una mejor opci√≥n"
2024-01-01,09:25:46,"Hay que transmitir informaci√≥n fidedigna y real, ya lleva algunos a√±os operando..."
2024-01-02,17:51:09,"Te recomiendo Hey banco, no tiene nada de eso y puedes retirar en cualquier HSBC o inbursa sin comisi√≥n."
2024-01-04,22:01:23,"Hoy fui a la Fanshop de Hey banco y me la pas√© super chido, adem√°s hice un amix "
2024-01-04,12:03:48,"otra opci√≥n que en lo personal podr√≠a recomendae, tambi√©n tiene buenas promociones y MSI"
2024-01-04,11:15:48,la mejor
2024-01-05,12:39:28,Va gracias les mande dm
2024-01-07,18:53:21,est√° mejor
2024-01-07,17:46:48,puro ese mejor nu nu fonite foniteog
2024-01-08,11:16:15,"Yo: voy a trabajar Mi hermana: Oye, entonnces c√≥mo valido mi HeyBanco Pap√°s: Oye, que hay un tema con el depa ;_; jajajaja pero bueno, agradezco que haya alguien all√° que me ayude a resolverlo."
2024-01-09,23:55:06,"Tengo un Pixel 5, genio."
2024-01-09,00:42:33,Si ya todo bien Se√±or Lampi
2024-01-10,13:37:20,"Uy, ya los contact√©, incluso les mande video al correo electr√≥nico que me se√±alo la persona que me contest√≥, actualice mi sistema operativo y sigue igual, esto sucede solo con la app del Banco Hey, tengo apps de otros bancos y funcionan perfecto."
2024-01-10,12:36:49, ¬°Promoci√≥n para todos nuestros clientes Hey! Aprovecha las compras de temporada y recibe recompensas en efectivo. ¬øList@ p‚Ä¶
2024-01-11,15:20:48,Gracias
2024-01-13,13:44:57,Ya llame y ya me ayudaron gracias
2024-01-14,14:57:03,No tiene l√≠mites jajaja gpt-4 gratis
2024-01-15,12:22:52,"Qued√≥ solucionado el fin de semana, gracias"
2024-01-16,18:32:25,Listo ya qued√≥ muchas gracias.
2024-01-17,22:32:37,"HeyBanco y nu son mucho mejores, para los que andan buscando moverse."
2024-01-17,21:08:35,"Por si ocupan, excelentes alternativas a BancoAztecaEnQuiebra 1. HeyBanco - Sin comisiones, contrataci√≥n en l√≠nea, +23K puntos para retirar $ 2. NuBank - Sin comisiones, contrataci√≥n en l√≠nea, retiro de efectivo en supermercados."
2024-01-17,19:54:36,"Excelentes alternativas a 1. HeyBanco - Sin comisiones, contrataci√≥n en l√≠nea, +23K puntos para retirar $ 2. NuBank - Sin comisiones, contrataci√≥n en l√≠nea, retiro de efectivo en supermercados"
2024-01-17,19:51:13,"Excelentes alternativas a : 1. HeyBanco - Sin comisiones, contrataci√≥n en l√≠nea, +23K puntos para retirar $ 2. NuBank - Sin comisiones, contrataci√≥n en l√≠nea, retiro de efectivo en supermercados"
2024-01-17,19:43:52,"Excelentes alternativas a Banco Azteca: 1. HeyBanco - Sin comisiones, contrataci√≥n en l√≠nea, +23K puntos para retirar $ 2. NuBank - Sin comisiones, contrataci√≥n en l√≠nea, retiro de efectivo en supermercados"
2024-01-18,12:58:15,¬°Celebramos 6 a√±os en Hey Banco!  Gracias por confiar en nosotros en este viaje; tu apoyo ha sido fundamental para nuestro‚Ä¶
2024-01-19,11:01:15,"Buen d√≠a, envi√© correo justo ahora. Gracias."
2024-01-19,10:06:58,Buenos d√≠as. Con la maravillosa sorpresa de que mi cuenta amaneci√≥ en ceros 
2024-01-21,19:07:32,Listo!!
2024-01-21,18:42:05,"Raro, yo he realizado varias transacciones sin problema"
2024-01-21,09:09:53,la mejor opci√≥n rendimiento del 13%
2024-01-21,17:58:03,Hola! Tambi√©n me gustar√≠a unirme porfa.
2024-01-21,11:46:51,"Agrega la app nunca me ha fallado, su proceso de contrataci√≥n es √°gil pues al par qu√© abres la cuenta te eval√∫a para la tarjeta de cr√©dito; dep√≥sitos y transferencias inmediatas."
2024-01-22,17:18:41,Dinero deber√≠an darme los de pero gracias por un a√±o de servicios.
2024-01-22,16:00:41,"Much√≠simas gracias! se comprometi√≥ a resolver el problema con fecha l√≠mite al 25 de enero de 2024, de no ser as√≠ enseguida me pondr√© en contacto con"
2024-01-22,13:55:08,Muchas gracias
2024-01-22,12:57:27,"Les agradezco mucho la atenci√≥n, me pondr√© en contacto con ustedes."
2024-01-23,12:10:13,estamos m√°s que listos  ansiosos Descon√©ctate por 3 d√≠as en el Ac√∫stico Hey Banco de TecatePalNoe 
2024-01-25,21:11:05,Funciona mucho mejor que el de 
2024-01-26,22:23:25,Jajajaja lo am√©
2024-01-26,17:41:58,Jajaja
2024-01-29,18:17:18,"Hola, buenas tardes. Te atiende Luz, es un placer saludae. Con gusto podemos apoyae, por favor escr√≠benos a nuestra cuenta oficial en Twitter ( ) para brindarle seguimiento a tu solicitud y compaie la informaci√≥n correspondiente. 1"
2024-01-29,15:44:22,"Listo, gracias."
2024-01-30,15:12:47,Hola valdr√≠a la pena que cuando hagan cambios dan un resumen de los cambios realizados en el contrato y no manden las 60 hojas completas.  CharlyTip mejora la experiencia del cliente.
2024-02-01,14:25:36,Me encantan las respuestas de a las fallas repoadas en su App 
2024-02-01,00:51:32,"de debito puedes pedir nu desde la app, tmb hey banco, yo tengo esa y no me piden minimo ni me cobran por manejo de cuenta, esa la abri xq tuve un pedo con la nomina en banamex y la usaba como para ahorrar pero ahora la uso casi para todo heejej, la tj fisica me costo 109 creo"
2024-02-02,11:11:22,"Y aprovecho el tuit para recomendarles a hey banco, yo lqm  ni una sola queja en dos a√±os"
2024-02-06,11:34:36,interesante
2024-02-07,02:05:30,Mejor aumenten l√≠neas de cr√©dito! 
2024-02-08,20:20:59,"Hey banco no, es ilimitado jajajaja, suena incre√≠ble."
2024-02-08,19:16:00,"Cada m√°s agradecido de peenecer a !! Si ocupan un banco que solucione, este es el mero bueno! Thkss"
2024-02-08,18:30:39,"Por eso me encanta Su app es simplemente incre√≠ble! . Adem√°s de ser super intuitiva, Cashback en todas tus compras‚Ä¶"
2024-02-08,05:52:22,"Aaawww que bonito, hey Banco mucho la cola :D"
2024-02-09,13:05:02,Gracias
2024-02-10,10:12:37,trae la de hey banco  humilde mi chiquito
2024-02-11,11:40:38,"Para los que se preguntan d√≥nde conseguir la tarjeta, la pueden sacar en Hey Banco con muchos dise√±os a elegir"
2024-02-12,20:17:49,"Ya es lo que empezar√© a hacer, gracias‚Ä¶."
2024-02-12,16:43:13,"Jajaj FIJA-T√à como no te dije pero en fin.... so far, so good "
2024-02-12,16:11:52,"Mira amixe al fin, abr√≠ mi cuenta me lleg√≥ super r√°pido, en 2 d√≠as, por dhl y pues nada, me ha encantado!! "
2024-02-13,17:03:36,¬°Celebra el amor con estilo este San Valent√≠n! Ô∏è Descubre las √∫ltimas colecciones de tus marcas favoritas aqu√≠: SomosHey HeyMedia HeyBanco SanValent√≠n Regalos
2024-02-13,16:16:21,Comerciales tan ganadores como los Kansas Chiefs que nos dej√≥ el SuperBowl este a√±o: SomosHey HeyMedia HeyBanco Comerciales SBLVIII MichaelCera JLo MainScorsese
2024-02-13,12:07:46,por favor de su apoyo para saber los m√≥dulos que tienen en CDMX. Gracias.
2024-02-19,12:04:17,"Ya se arregl√≥, gracias."
2024-02-20,09:38:29,tenencia a 6MSI y los amo!  
2024-02-21,15:10:57,Al fin recuper√© mi cuenta de Los amo! ‚Äç
2024-02-22,10:15:48,"Hey, hey, hey, banco Ô∏è Esto es perfecto"
2024-02-29,21:07:53,Gracias por la informaci√≥n. Me fue muy √∫til.
2024-03-01,23:39:44,"Ya tengo 11 meses con la TDC garantizada con buen uso, cuando me van a graduar? Recuerdo que cuando la contrat√© dec√≠a 6 meses de buen uso :("
2024-03-01,19:35:31,nunca falla 
2024-03-01,04:46:39,"Muchas gracias, ya sal√≠ del apuro gracias a y ."
2024-03-02,14:24:38,Gracias. Ya revis√©
2024-03-06,20:09:14,Jaja gracias! 
2024-03-06,16:28:42,Te recomiendo
2024-03-08,02:06:50,S√°bado Perpetuo 
2024-03-13,21:34:41,Gracias por la atenci√≥n
2024-03-13,20:40:01,"Muchas gracias, ya qued√≥ :)"
2024-03-15,01:51:01,Agree contigo A la versh 
2024-03-16,16:45:25,"Hice por mail una sugerencia en la app en cuanto a que den facilidades para modificar/actualizar un dato como lo es el n√∫mero de cel. Me responden de que me comunique por tel√©fono, y a ver que me digan ah√≠. Qu√© facilidad ayuda viene a ser esa...!? Nom√°s no sacan de apuros. "
2024-03-18,17:23:05,Gracias por la atenci√≥n!
2024-03-18,17:13:48,"Hola, buenos d√≠as. Te atiende Luz, es un placer saludae. Para nosotros son muy impoantes tus comentarios, por lo que nos interesa saber m√°s sobre tu experiencia. ¬øNos puedes brindar mayor detalle de la situaci√≥n que presentas, por favor? 1"
2024-03-19,18:48:19,Gracias ya hable v√≠a telef√≥nica y se resolvi√≥ mi inquietud
2024-03-22,21:40:28,Te amo Gran experiencia ir a la hey shop Lxs tqm
2024-03-23,21:38:20,"Me recomendaron charliehack50 en TELEGRAM. √âl puede ayudae a solucionar este problema. Recuper√© el m√≠o con su ayuda, as√≠ que lo recomiendo como la mejor y m√°s r√°pida opci√≥n."
2024-03-26,06:00:06,Buen dia! Hay alguna promocion a MSI para el pago de tenencia del ? Saludos
2024-03-27,20:47:08,"Yo s√≠ recomiendo! Aunque siento que es dif√≠cil que te la aprueben si nunca has tenido una, o si no tienes historial con banamex (al menos he escuchado casos as√≠), mi primera tdc fue de heybanco y recomiendo, en ese tiempo daban 1 o 2% de recompensas en compras con la tarjeta+"
2024-03-27,02:21:57,"Gracias a por invitarnos a conocer m√°s sobre la colecci√≥n retro as√≠ como los detalles y obsequios ! Mi Tarjeta es la de Anime , acorde para comprar los boletos de cine para la nueva pel√≠cula de rascaldoesnotdream"
2024-03-28,20:07:52,Hola. Estaremos encantados de asistie de la mejor manera. Te invitamos a que nos escribas un DM y con gusto te ayudaremos con toda la informaci√≥n que requieres. Estaremos pendientes de ti.
2024-03-28,18:00:54,gracias didi por la confianza y incrementar mi l√≠nea de cr√©dito a 20k ni y mean ofreciendo tanto cr√©dito gracias solo faltar√≠a los MSI
2024-03-28,17:31:57,"Hola! Gracias, acabo de enviar correo."
2024-03-30,19:47:37,"hola, Les mande dm :)"
2024-03-30,18:47:15,Ayer me gan√© un sombrerito en y real me quedaba con mi outfit jajajaja y fui feliz todo el festival. Me lo chulearon mucho Ô∏è
2024-03-31,23:19:35,A diferencia de ustedes han demostrado una verdadera comprensi√≥n de las necesidades de sus clientes. ¬°Gracias por hacer posible que mis proyectos se hagan realidad! 
2024-03-31,02:47:12,TE AMO UN CHINGO 
2024-04-04,08:41:17,Akamba regresa gracias a Aprovecha la venta PRE Cael presentada por Hey Banco. Disfruta de esta etapa √∫nica‚Ä¶
2024-04-04,01:05:10,Lo m√≠o se resolvi√≥ f√°cil. Solo entra a la banca en l√≠nea desde una computadora y te dir√° que estas bloqueado pero pones el token de tu cel y listo. Suee
2024-04-05,02:55:10,Para m√≠ eso es m√°s que suficiente.
2024-04-07,23:22:19,"Me recomendaron charliehack50 en TELEGRAM. √âl puede ayudae a solucionar este problema. Recuper√© el m√≠o con su ayuda, as√≠ que lo recomiendo como la mejor y m√°s r√°pida opci√≥n."
2024-04-10,21:57:10,Tambi√©n necesito ayuda
2024-04-10,16:53:34,Listo!
2024-04-10,16:05:30,Gracias ya lo solucione
2024-04-12,17:19:20,"buenos d√≠as, llevo desde el otro fin de semana tratando de pagar mis tarjetas pero no puede transferir a hey banco desde mi cuenta principal. ME REGRESAN TODAS LAS TRANSFERECIAS AYUDA"
2024-04-15,23:44:20,Y as√≠ es como le gan√≥ la carrera de las fintech a Con una aplicaci√≥n que siempre funciona y es amigable con el cliente.
2024-04-16,17:41:40,Gracias
2024-04-17,04:45:42,gracias 
2024-04-18,17:28:23,Gracias
2024-04-18,15:59:11,los amo! Gracias ya pude entrar a mi App saludos 
2024-04-18,04:34:45,Sigue sin dejarme aumentar mi linea de la tarjeta de cr√©dito garantizada
2024-04-21,15:21:43,"Ahora confirmo, gracias estimado"
2024-04-23,22:52:05, de acuerdo!! Muchas gracias.
2024-04-23,21:30:12,"T√≠o cuando me van a graduar, tengo la TDC garantizada ya hace m√°s de un a√±o que la saqu√©, y recuerdo que dec√≠an que con 6 meses de buen uso, ayuda :c"
2024-04-25,00:51:24,"una duda, con qui√©n tengo que ver si tengo problemas para aumentar mi l√≠nea de cr√©dito de mi tarjeta hey garantizada, la app no me deja marca un error. Me pasa igual en mis 2 tel√©fonos que tengo."
2024-04-26,13:30:56,"Wey, lo mejor de es que puedo pagar con Apple Pay "
